{
    "train_loss": [
        15.4111,
        2.7142,
        1.1047,
        0.7473,
        0.6355,
        0.4973,
        0.4085,
        0.4378,
        0.3755,
        0.3346,
        0.3507,
        0.3266,
        0.2621,
        0.2913,
        0.2646,
        0.2411,
        0.2291,
        0.2389,
        0.2104,
        0.2254,
        0.2022,
        0.1933,
        0.1924,
        0.1819,
        0.1913,
        0.1778,
        0.1846,
        0.2149,
        0.1807,
        0.1905,
        0.1664
    ],
    "eval_loss": [
        0.4233493208885193,
        0.2695232927799225,
        0.21143105626106262,
        0.19267602264881134,
        0.18857575953006744
    ],
    "metrics": [],
    "steps": [
        10,
        20,
        30,
        40,
        50,
        60,
        70,
        80,
        90,
        100,
        110,
        120,
        130,
        140,
        150,
        160,
        170,
        180,
        190,
        200,
        210,
        220,
        230,
        240,
        250,
        260,
        270,
        280,
        290,
        300,
        310
    ],
    "eval_steps": [
        62,
        124,
        186,
        248,
        310
    ]
}