{"_wandb":{"runtime":6839},"train_runtime":6545.6885,"train/global_step":477,"train_samples_per_second":4.648,"_step":50,"train/epoch":3,"train_steps_per_second":0.073,"eval/steps_per_second":1.042,"total_flos":6.0175241650176e+13,"eval/runtime":14.3961,"train/loss":0.3055,"train/grad_norm":1.3330585956573486,"train_loss":0.3314263538244635,"_timestamp":1.758722005999461e+09,"_runtime":6839,"train/learning_rate":7.559235341302873e-10,"eval/samples_per_second":32.578,"eval/loss":0.253993421792984}