{"train/learning_rate":7.559235341302873e-10,"train/loss":0.2992,"total_flos":6.172927561728e+13,"_step":50,"_runtime":6655,"train_samples_per_second":4.763,"train_steps_per_second":0.075,"eval/runtime":14.5854,"train/grad_norm":1.3516522645950317,"_timestamp":1.7587322884969172e+09,"eval/steps_per_second":1.028,"_wandb":{"runtime":6655},"eval/samples_per_second":32.156,"train_loss":0.33953971145537915,"train/global_step":477,"train_runtime":6387.8562,"train/epoch":3,"eval/loss":0.24454425275325775}