{"train/epoch":0.050590219224283306,"_step":5,"_wandb":{"runtime":811},"train/learning_rate":1.999538961469817e-05,"train/loss":2.874,"train/grad_norm":4.226444721221924,"train/global_step":60,"_timestamp":1.7598979502523088e+09,"_runtime":811}