{"train/global_step":240,"_step":27,"_timestamp":1.7581692974660454e+09,"train/epoch":3,"train/grad_norm":0.7173192501068115,"train_samples_per_second":6.472,"train/learning_rate":4.664201773896259e-10,"train_loss":0.22085327357053758,"eval/samples_per_second":30.783,"train/loss":0.1219,"eval/loss":0.27859440445899963,"eval/steps_per_second":0.985,"total_flos":6.0175242756096e+13,"train_runtime":4700.5519,"train_steps_per_second":0.051,"_wandb":{"runtime":4938},"eval/runtime":15.2357,"_runtime":4699.806058043}