{"_wandb":{"runtime":39412},"train_steps_per_second":0.057,"eval/loss":0.12871676683425903,"_step":229,"_runtime":39412,"train/learning_rate":5.201930570242209e-10,"train/global_step":2246,"train/grad_norm":0.49887025356292725,"train_samples_per_second":3.668,"train_runtime":39173.0766,"train/epoch":1,"_timestamp":1.759069880927252e+09,"total_flos":7.03331457236992e+14,"train/loss":0.1491,"eval/samples_per_second":17.382,"train_loss":0.4889044783153602,"eval/steps_per_second":1.109,"eval/runtime":33.3673}