{"train/grad_norm":2.8861196041107178,"eval/steps_per_second":0.714,"train_runtime":4698.0515,"train_steps_per_second":0.051,"eval/loss":0.3401775658130646,"total_flos":6.0148479328256e+13,"train/learning_rate":9.328403547792518e-10,"_step":29,"eval/samples_per_second":41.859,"_timestamp":1.7592465818835466e+09,"_wandb":{"runtime":5021},"train_samples_per_second":6.476,"train/epoch":3,"train/global_step":240,"eval/runtime":11.2043,"_runtime":5021,"train/loss":0.2062,"train_loss":1.1558396105964979}