{"_timestamp":1.7589408801529367e+09,"eval/loss":0.1302495300769806,"eval/samples_per_second":17.433,"train/loss":0.1179,"train/global_step":2246,"train/learning_rate":5.201930570242209e-10,"_wandb":{"runtime":37938},"train_steps_per_second":0.06,"total_flos":7.03331457236992e+14,"train_loss":0.34441086281014677,"eval/runtime":33.2694,"train_runtime":37705.6595,"_runtime":37938,"train/grad_norm":0.6214175820350647,"eval/steps_per_second":1.112,"_step":229,"train/epoch":1,"train_samples_per_second":3.811}