{"total_flos":1.70542420721664e+14,"_runtime":10540,"train/learning_rate":2.4671981713419997e-10,"train_loss":1.1592511192321777,"train/epoch":1,"eval/runtime":28.5874,"train_samples_per_second":3.899,"_timestamp":1.7588285109525445e+09,"_wandb":{"runtime":10540},"eval/loss":0.7103185057640076,"eval/samples_per_second":20.289,"train/grad_norm":0.9094769358634949,"train_steps_per_second":0.061,"train/loss":0.7194,"eval/steps_per_second":0.665,"train_runtime":10259.9075,"train/global_step":625,"_step":67}