{
    "train_loss": [
        15.215,
        2.8724,
        1.2466,
        0.835,
        0.7458,
        0.8108,
        0.6426,
        0.5338,
        0.4166,
        0.3955,
        0.3891,
        0.363,
        0.3902,
        0.3691,
        0.4434,
        0.3371,
        0.238,
        0.2641,
        0.2052,
        0.2037,
        0.2077,
        0.1995,
        0.2098,
        0.2062
    ],
    "eval_loss": [
        0.5855695605278015,
        0.39143648743629456,
        0.33878156542778015,
        0.342898964881897,
        0.3401775658130646
    ],
    "metrics": [],
    "steps": [
        10,
        20,
        30,
        40,
        50,
        60,
        70,
        80,
        90,
        100,
        110,
        120,
        130,
        140,
        150,
        160,
        170,
        180,
        190,
        200,
        210,
        220,
        230,
        240
    ],
    "eval_steps": [
        47,
        94,
        141,
        188,
        235
    ]
}