{
    "train_loss": [
        1.1539,
        0.2206,
        0.1529,
        0.1396,
        0.1376,
        0.1314,
        0.1389,
        0.1347,
        0.1256,
        0.137,
        0.1379,
        0.1285,
        0.1307,
        0.1136,
        0.131,
        0.1305,
        0.1341,
        0.1307,
        0.119,
        0.1249,
        0.1406,
        0.1253,
        0.1206,
        0.117,
        0.135,
        0.1197,
        0.1124,
        0.1275,
        0.1357,
        0.119,
        0.1163,
        0.1172,
        0.1129,
        0.1174,
        0.1238,
        0.1077,
        0.1099,
        0.1199,
        0.1197,
        0.1304,
        0.1153,
        0.1156,
        0.1154,
        0.1057,
        0.1211,
        0.1091,
        0.1201,
        0.1109,
        0.1086,
        0.1083,
        0.1151,
        0.1063,
        0.133,
        0.1115,
        0.1088,
        0.1207,
        0.1088,
        0.1093,
        0.1109,
        0.1187,
        0.11,
        0.1246,
        0.11,
        0.0977,
        0.1058,
        0.1144,
        0.1071,
        0.1087,
        0.102,
        0.1133,
        0.0986,
        0.1011,
        0.0994,
        0.104,
        0.1038,
        0.1072,
        0.0988,
        0.0989,
        0.109,
        0.1041,
        0.094,
        0.1112,
        0.0988,
        0.1067,
        0.0956,
        0.0934,
        0.1006,
        0.0902,
        0.0974,
        0.0962,
        0.0974,
        0.0968,
        0.1095,
        0.0995,
        0.0942,
        0.1008,
        0.0896,
        0.1005,
        0.0973,
        0.0914,
        0.0995,
        0.1025,
        0.0991,
        0.0955,
        0.1035,
        0.0985,
        0.0897,
        0.1061,
        0.1001,
        0.095,
        0.0966,
        0.1032
    ],
    "eval_loss": [
        0.12511704862117767,
        0.12164819985628128,
        0.11713239550590515,
        0.11423947662115097,
        0.11386032402515411
    ],
    "metrics": [],
    "steps": [
        10,
        20,
        30,
        40,
        50,
        60,
        70,
        80,
        90,
        100,
        110,
        120,
        130,
        140,
        150,
        160,
        170,
        180,
        190,
        200,
        210,
        220,
        230,
        240,
        250,
        260,
        270,
        280,
        290,
        300,
        310,
        320,
        330,
        340,
        350,
        360,
        370,
        380,
        390,
        400,
        410,
        420,
        430,
        440,
        450,
        460,
        470,
        480,
        490,
        500,
        510,
        520,
        530,
        540,
        550,
        560,
        570,
        580,
        590,
        600,
        610,
        620,
        630,
        640,
        650,
        660,
        670,
        680,
        690,
        700,
        710,
        720,
        730,
        740,
        750,
        760,
        770,
        780,
        790,
        800,
        810,
        820,
        830,
        840,
        850,
        860,
        870,
        880,
        890,
        900,
        910,
        920,
        930,
        940,
        950,
        960,
        970,
        980,
        990,
        1000,
        1010,
        1020,
        1030,
        1040,
        1050,
        1060,
        1070,
        1080,
        1090,
        1100,
        1110,
        1120
    ],
    "eval_steps": [
        224,
        448,
        672,
        896,
        1120
    ]
}