{
    "train_loss": [
        1.2226,
        0.2201,
        0.1483,
        0.1354,
        0.1344,
        0.1287,
        0.1357,
        0.1318,
        0.1223,
        0.1335,
        0.1342,
        0.1251,
        0.1276,
        0.1108,
        0.1272,
        0.127,
        0.1309,
        0.1277,
        0.1159,
        0.1218,
        0.1374,
        0.1225,
        0.1181,
        0.1143,
        0.1317,
        0.117,
        0.1098,
        0.1253,
        0.1327,
        0.1162,
        0.1143,
        0.1143,
        0.1104,
        0.1145,
        0.1215,
        0.1051,
        0.1073,
        0.1162,
        0.1179,
        0.1279,
        0.1129,
        0.1122,
        0.1127,
        0.1031,
        0.1194,
        0.1069,
        0.1169,
        0.108,
        0.106,
        0.106,
        0.1117,
        0.1037,
        0.1302,
        0.109,
        0.1065,
        0.1184,
        0.1063,
        0.1069,
        0.108,
        0.1158,
        0.1066,
        0.1218,
        0.1065,
        0.0955,
        0.1028,
        0.1116,
        0.1041,
        0.1067,
        0.0996,
        0.1106,
        0.0969,
        0.0989,
        0.0967,
        0.1013,
        0.1013,
        0.1045,
        0.0966,
        0.0961,
        0.106,
        0.1021,
        0.0915,
        0.1084,
        0.0961,
        0.1039,
        0.0933,
        0.0912,
        0.0982,
        0.0879,
        0.0951,
        0.0952,
        0.0947,
        0.0941,
        0.1069,
        0.0969,
        0.0918,
        0.0985,
        0.0873,
        0.0983,
        0.0945,
        0.0888,
        0.0975,
        0.1003,
        0.0964,
        0.0935,
        0.1003,
        0.0964,
        0.0875,
        0.1036,
        0.0977,
        0.0931,
        0.0939,
        0.0993
    ],
    "eval_loss": [
        0.12225073575973511,
        0.11912870407104492,
        0.11477338522672653,
        0.1118086725473404,
        0.11136651039123535
    ],
    "metrics": [],
    "steps": [
        10,
        20,
        30,
        40,
        50,
        60,
        70,
        80,
        90,
        100,
        110,
        120,
        130,
        140,
        150,
        160,
        170,
        180,
        190,
        200,
        210,
        220,
        230,
        240,
        250,
        260,
        270,
        280,
        290,
        300,
        310,
        320,
        330,
        340,
        350,
        360,
        370,
        380,
        390,
        400,
        410,
        420,
        430,
        440,
        450,
        460,
        470,
        480,
        490,
        500,
        510,
        520,
        530,
        540,
        550,
        560,
        570,
        580,
        590,
        600,
        610,
        620,
        630,
        640,
        650,
        660,
        670,
        680,
        690,
        700,
        710,
        720,
        730,
        740,
        750,
        760,
        770,
        780,
        790,
        800,
        810,
        820,
        830,
        840,
        850,
        860,
        870,
        880,
        890,
        900,
        910,
        920,
        930,
        940,
        950,
        960,
        970,
        980,
        990,
        1000,
        1010,
        1020,
        1030,
        1040,
        1050,
        1060,
        1070,
        1080,
        1090,
        1100,
        1110,
        1120
    ],
    "eval_steps": [
        224,
        448,
        672,
        896,
        1120
    ]
}