{"train/grad_norm":1.0043526887893677,"train_loss":1.0814593820306544,"eval/samples_per_second":29.077,"train_runtime":27769.8474,"_runtime":27905,"total_flos":8.78268998877184e+14,"_step":242,"_wandb":{"runtime":27905},"train/learning_rate":8.566148085309422e-11,"eval/loss":0.8037506341934204,"_timestamp":1.7598328138829696e+09,"train/epoch":2,"eval/steps_per_second":0.93,"train/global_step":2372,"train/loss":0.706,"eval/runtime":34.3913,"train_steps_per_second":0.085,"train_samples_per_second":5.466}