{
    "train_loss": [
        0.6558,
        0.7326,
        0.5105,
        0.3041,
        0.3048,
        0.2538,
        0.2428,
        0.2278,
        0.2406,
        0.2507,
        0.2979,
        0.2813,
        0.2339,
        0.2853,
        0.2738,
        0.2357,
        0.2614,
        0.2102,
        0.2463,
        0.2504,
        0.2568,
        0.1778,
        0.2503,
        0.2085,
        0.2454,
        0.2079,
        0.2393,
        0.2255,
        0.268,
        0.2752,
        0.1937,
        0.2418,
        0.2344,
        0.2339,
        0.2648,
        0.228,
        0.1745,
        0.2561,
        0.1968,
        0.2381,
        0.2219,
        0.2013,
        0.2297,
        0.2077,
        0.2014,
        0.212,
        0.2625
    ],
    "eval_loss": [
        0.23344287276268005,
        0.22276628017425537,
        0.2218904048204422
    ],
    "metrics": [],
    "steps": [
        10,
        20,
        30,
        40,
        50,
        60,
        70,
        80,
        90,
        100,
        110,
        120,
        130,
        140,
        150,
        160,
        170,
        180,
        190,
        200,
        210,
        220,
        230,
        240,
        250,
        260,
        270,
        280,
        290,
        300,
        310,
        320,
        330,
        340,
        350,
        360,
        370,
        380,
        390,
        400,
        410,
        420,
        430,
        440,
        450,
        460,
        470
    ],
    "eval_steps": [
        159,
        318,
        477
    ]
}