{
    "train_loss": [
        0.7096,
        0.7991,
        0.5794,
        0.3513,
        0.3389,
        0.2962,
        0.2881,
        0.2768,
        0.2792,
        0.2845,
        0.339,
        0.3576,
        0.2733,
        0.3473,
        0.3043,
        0.2687,
        0.2966,
        0.2584,
        0.2835,
        0.2843,
        0.3038,
        0.2188,
        0.289,
        0.2413,
        0.2912,
        0.2664,
        0.288,
        0.2673,
        0.3071,
        0.3093,
        0.2296,
        0.2809,
        0.2642,
        0.2797,
        0.3039,
        0.2663,
        0.2136,
        0.3113,
        0.2202,
        0.2795,
        0.278,
        0.2277,
        0.2821,
        0.2409,
        0.2429,
        0.2467,
        0.2901
    ],
    "eval_loss": [
        0.2651536762714386,
        0.2542285621166229,
        0.2531888782978058
    ],
    "metrics": [],
    "steps": [
        10,
        20,
        30,
        40,
        50,
        60,
        70,
        80,
        90,
        100,
        110,
        120,
        130,
        140,
        150,
        160,
        170,
        180,
        190,
        200,
        210,
        220,
        230,
        240,
        250,
        260,
        270,
        280,
        290,
        300,
        310,
        320,
        330,
        340,
        350,
        360,
        370,
        380,
        390,
        400,
        410,
        420,
        430,
        440,
        450,
        460,
        470
    ],
    "eval_steps": [
        159,
        318,
        477
    ]
}