{"eval/samples_per_second":11.321,"eval/runtime":51.2322,"_timestamp":1.7591013396312153e+09,"_wandb":{"runtime":53960},"train/epoch":1,"train_loss":0.1224286376580742,"eval/steps_per_second":0.371,"train/learning_rate":6.794340263127641e-10,"train_runtime":53623.3142,"train/loss":0.1032,"eval/loss":0.11386032402515411,"train_steps_per_second":0.021,"train_samples_per_second":2.679,"train/global_step":1123,"train/grad_norm":0.3631279170513153,"_runtime":53960,"_step":117,"total_flos":7.033415368704e+14}