{"_runtime":12747,"train/grad_norm":4.948525905609131,"_timestamp":1.7595909472073376e+09,"eval/steps_per_second":0.47,"train/learning_rate":3.933736169471347e-09,"_step":63,"eval/runtime":34.0643,"train_runtime":12444.8321,"total_flos":5.6207585837056e+13,"train/loss":1.4851,"train/global_step":584,"eval/loss":1.6824899911880493,"_wandb":{"runtime":12747},"train/epoch":2,"train_samples_per_second":2.998,"eval/samples_per_second":14.678,"train_steps_per_second":0.047,"train_loss":2.486468093852474}