{"eval/loss":0.2181052416563034,"train/learning_rate":8.771699011416169e-09,"eval/samples_per_second":24.811,"train/global_step":313,"train_runtime":8298.2559,"train_loss":0.5656232809106382,"train/loss":0.2248,"eval/runtime":23.3767,"_timestamp":1.759156701459536e+09,"train_samples_per_second":4.82,"_wandb":{"runtime":8616},"eval/steps_per_second":0.428,"_runtime":8616,"_step":36,"train/epoch":1,"train_steps_per_second":0.038,"train/grad_norm":0.29837557673454285,"total_flos":1.95674961084416e+14}