{"_step":46,"train/global_step":470,"_timestamp":1.7597454204350917e+09,"train/epoch":0.3962900505902192,"_wandb":{"runtime":5647},"train/grad_norm":1.352342128753662,"_runtime":5647,"train/loss":1.1294,"train/learning_rate":1.8697946270717468e-05}