{"_step":126,"train_samples_per_second":7.116,"_wandb":{"runtime":21861},"_runtime":21861,"_timestamp":1.7600263993594055e+09,"train/grad_norm":1.4017665386199951,"train_loss":0.522657728983351,"train/loss":0.1685,"train/learning_rate":1.8305224079862015e-11,"eval/runtime":31.7707,"eval/loss":0.2773451805114746,"train/epoch":2,"eval/samples_per_second":31.476,"train_runtime":21731.0506,"total_flos":6.28018416451584e+14,"train/global_step":1210,"eval/steps_per_second":1.007,"train_steps_per_second":0.056}