{"_timestamp":1.7581642930194538e+09,"eval/runtime":14.6363,"train_loss":0.18636585002144176,"_wandb":{"runtime":4888},"train/learning_rate":4.664201773896259e-10,"eval/steps_per_second":1.025,"train/epoch":3,"eval/loss":0.24547380208969116,"_runtime":4655.098234909,"train_steps_per_second":0.052,"train/loss":0.0983,"train_runtime":4656.3011,"train/grad_norm":0.6409708857536316,"train_samples_per_second":6.534,"eval/samples_per_second":32.044,"_step":27,"total_flos":6.0175242756096e+13,"train/global_step":240}