{"train/loss":0.9598,"_runtime":5569,"train/global_step":470,"_wandb":{"runtime":5569},"_step":46,"train/grad_norm":0.8608185648918152,"train/learning_rate":1.8697946270717468e-05,"train/epoch":0.3962900505902192,"_timestamp":1.7597511085498412e+09}