{"train_loss":0.305274573761962,"_wandb":{"runtime":7329},"train_runtime":7095.4201,"train/grad_norm":1.3184030055999756,"train/global_step":477,"eval/runtime":17.0739,"total_flos":6.0175241650176e+13,"train_steps_per_second":0.067,"_runtime":7094.375880001,"train_samples_per_second":4.288,"train/epoch":3,"train/learning_rate":7.559235341302873e-10,"_timestamp":1.758259420217427e+09,"eval/steps_per_second":0.879,"eval/loss":0.2531888782978058,"eval/samples_per_second":27.469,"train/loss":0.2901,"_step":50}