{"eval/steps_per_second":0.905,"_timestamp":1.7599239136391225e+09,"train_loss":1.5846322468011687,"train/epoch":2,"eval/runtime":35.3521,"total_flos":3.87516014821376e+14,"eval/loss":0.9705283045768738,"train/learning_rate":7.162451836685291e-09,"_step":65,"_wandb":{"runtime":13459},"train/global_step":606,"_runtime":13459,"train_runtime":13349.0454,"train/grad_norm":1.2927883863449097,"train_steps_per_second":0.045,"train_samples_per_second":5.792,"eval/samples_per_second":28.287,"train/loss":0.7057}