{
    "train_loss": [
        1.1221,
        1.0455,
        0.7188,
        0.416,
        0.3443,
        0.3018,
        0.2948,
        0.2859,
        0.304,
        0.3022,
        0.3632,
        0.3898,
        0.2891,
        0.3634,
        0.3338,
        0.2725,
        0.3142,
        0.2801,
        0.2822,
        0.3088,
        0.3223,
        0.2315,
        0.3003,
        0.2544,
        0.3016,
        0.2859,
        0.3133,
        0.2983,
        0.3301,
        0.3492,
        0.2477,
        0.2948,
        0.2806,
        0.3239,
        0.3307,
        0.2892,
        0.2264,
        0.3192,
        0.2406,
        0.3092,
        0.2983,
        0.2377,
        0.3035,
        0.2595,
        0.2514,
        0.2683,
        0.2992
    ],
    "eval_loss": [
        0.25448474287986755,
        0.24545727670192719,
        0.24454425275325775
    ],
    "metrics": [],
    "steps": [
        10,
        20,
        30,
        40,
        50,
        60,
        70,
        80,
        90,
        100,
        110,
        120,
        130,
        140,
        150,
        160,
        170,
        180,
        190,
        200,
        210,
        220,
        230,
        240,
        250,
        260,
        270,
        280,
        290,
        300,
        310,
        320,
        330,
        340,
        350,
        360,
        370,
        380,
        390,
        400,
        410,
        420,
        430,
        440,
        450,
        460,
        470
    ],
    "eval_steps": [
        159,
        318,
        477
    ]
}