{
    "train_loss": [
        10.6425,
        3.3654,
        1.2327,
        0.7973,
        0.5841,
        0.432,
        0.3441,
        0.3348,
        0.2731,
        0.2588,
        0.2289,
        0.218,
        0.2027,
        0.1838,
        0.197,
        0.1942,
        0.2046,
        0.1886,
        0.1641,
        0.1794,
        0.1941,
        0.1673,
        0.1657,
        0.1612,
        0.1773,
        0.1564,
        0.151,
        0.177,
        0.1824,
        0.1506,
        0.1548,
        0.1504,
        0.1435,
        0.1627,
        0.1641,
        0.134,
        0.1409,
        0.1497,
        0.1464,
        0.1609,
        0.1441,
        0.1365,
        0.1475,
        0.1226,
        0.1537,
        0.1359,
        0.1418,
        0.1322,
        0.1281,
        0.1281,
        0.1316,
        0.1263,
        0.1574,
        0.1257,
        0.1248,
        0.1344,
        0.1241,
        0.1218
    ],
    "eval_loss": [
        0.16868416965007782,
        0.14580003917217255
    ],
    "metrics": [],
    "steps": [
        10,
        20,
        30,
        40,
        50,
        60,
        70,
        80,
        90,
        100,
        110,
        120,
        130,
        140,
        150,
        160,
        170,
        180,
        190,
        200,
        210,
        220,
        230,
        240,
        250,
        260,
        270,
        280,
        290,
        300,
        310,
        320,
        330,
        340,
        350,
        360,
        370,
        380,
        390,
        400,
        410,
        420,
        430,
        440,
        450,
        460,
        470,
        480,
        490,
        500,
        510,
        520,
        530,
        540,
        550,
        560,
        570,
        580
    ],
    "eval_steps": [
        224,
        448
    ]
}