{"train/global_step":477,"_step":50,"train/grad_norm":1.3004765510559082,"eval/runtime":16.5397,"train/epoch":3,"train_steps_per_second":0.068,"train_runtime":7039.0579,"eval/samples_per_second":28.356,"_runtime":7038.298539299,"total_flos":6.0175241650176e+13,"train/loss":0.2625,"train_samples_per_second":4.322,"_wandb":{"runtime":7278},"train_loss":0.2629433731612919,"train/learning_rate":7.559235341302873e-10,"_timestamp":1.7582520082098439e+09,"eval/loss":0.2218904048204422,"eval/steps_per_second":0.907}