{
    "train_loss": [
        0.6866,
        0.7462,
        0.538,
        0.3245,
        0.3194,
        0.271,
        0.2595,
        0.2403,
        0.2689,
        0.27,
        0.3239,
        0.3084,
        0.256,
        0.3038,
        0.3062,
        0.2479,
        0.2823,
        0.2321,
        0.2517,
        0.2776,
        0.2744,
        0.1931,
        0.264,
        0.2227,
        0.26,
        0.2245,
        0.2608,
        0.2568,
        0.2924,
        0.3158,
        0.2118,
        0.2567,
        0.2528,
        0.2722,
        0.2904,
        0.253,
        0.1893,
        0.265,
        0.218,
        0.2647,
        0.2403,
        0.2147,
        0.2443,
        0.2268,
        0.2121,
        0.2377,
        0.2773
    ],
    "eval_loss": [
        0.23399244248867035,
        0.22338959574699402,
        0.22255031764507294
    ],
    "metrics": [],
    "steps": [
        10,
        20,
        30,
        40,
        50,
        60,
        70,
        80,
        90,
        100,
        110,
        120,
        130,
        140,
        150,
        160,
        170,
        180,
        190,
        200,
        210,
        220,
        230,
        240,
        250,
        260,
        270,
        280,
        290,
        300,
        310,
        320,
        330,
        340,
        350,
        360,
        370,
        380,
        390,
        400,
        410,
        420,
        430,
        440,
        450,
        460,
        470
    ],
    "eval_steps": [
        159,
        318,
        477
    ]
}