{
    "train_loss": [
        1.5916,
        0.7655,
        0.5502,
        0.4744,
        0.4421,
        0.4127,
        0.3706,
        0.3595,
        0.3458,
        0.3118,
        0.3,
        0.2802,
        0.2889,
        0.2568,
        0.2569,
        0.2371,
        0.2213,
        0.2271,
        0.2258,
        0.2186,
        0.2018,
        0.195,
        0.1846,
        0.1787,
        0.1867,
        0.1714,
        0.1772,
        0.1884,
        0.1535,
        0.1872,
        0.1517,
        0.155,
        0.1633,
        0.1487,
        0.1655,
        0.1461,
        0.1404,
        0.1459,
        0.1397
    ],
    "eval_loss": [
        0.24723771214485168,
        0.16988958418369293,
        0.13782638311386108
    ],
    "metrics": [],
    "steps": [
        10,
        20,
        30,
        40,
        50,
        60,
        70,
        80,
        90,
        100,
        110,
        120,
        130,
        140,
        150,
        160,
        170,
        180,
        190,
        200,
        210,
        220,
        230,
        240,
        250,
        260,
        270,
        280,
        290,
        300,
        310,
        320,
        330,
        340,
        350,
        360,
        370,
        380,
        390
    ],
    "eval_steps": [
        125,
        250,
        375
    ]
}