{"train_steps_per_second":0.046,"eval/loss":0.7089787125587463,"_runtime":13173,"train/learning_rate":7.162451836685291e-09,"train_runtime":13052.2422,"train_loss":0.5465873641149439,"_timestamp":1.759937183677852e+09,"total_flos":3.90571111677952e+14,"eval/runtime":35.3771,"_wandb":{"runtime":13173},"train/loss":0.4214,"train/epoch":2,"_step":65,"train/global_step":606,"train_samples_per_second":5.923,"eval/steps_per_second":0.905,"train/grad_norm":1.0684155225753784,"eval/samples_per_second":28.267}