{"train/grad_norm":0.9227968454360962,"eval/steps_per_second":1.008,"eval/samples_per_second":31.513,"train/epoch":2,"train_runtime":22099.3536,"_runtime":22218,"eval/runtime":31.733,"_step":126,"eval/loss":0.10755157470703125,"train/loss":0.0452,"train_samples_per_second":6.997,"train/learning_rate":1.8305224079862015e-11,"train_steps_per_second":0.055,"train/global_step":1210,"_wandb":{"runtime":22218},"total_flos":6.28018416451584e+14,"train_loss":0.09583647458021306,"_timestamp":1.760048743492068e+09}