{"train_runtime":11476.3832,"eval/loss":0.159771129488945,"_step":67,"eval/steps_per_second":1.104,"train_steps_per_second":0.054,"eval/runtime":33.5087,"train/loss":0.155,"_runtime":11692,"train/epoch":1,"train/global_step":625,"train/grad_norm":0.3536875247955322,"total_flos":1.9604403191808e+14,"train_samples_per_second":3.485,"_timestamp":1.7591267280319114e+09,"eval/samples_per_second":17.309,"train/learning_rate":4.9343963426840006e-09,"train_loss":0.4201392028808594,"_wandb":{"runtime":11692}}