{
    "train_loss": [
        0.6505,
        0.6172,
        0.3792,
        0.2661,
        0.2782,
        0.233,
        0.2229,
        0.2109,
        0.2221,
        0.2342,
        0.2812,
        0.266,
        0.2185,
        0.2716,
        0.2604,
        0.2192,
        0.2372,
        0.1884,
        0.2193,
        0.226,
        0.2293,
        0.158,
        0.2279,
        0.1866,
        0.2201,
        0.1847,
        0.2161,
        0.2047,
        0.2434,
        0.2483,
        0.1727,
        0.2176,
        0.201,
        0.2015,
        0.2276,
        0.1937,
        0.1484,
        0.2213,
        0.1681,
        0.2052,
        0.1891,
        0.1718,
        0.1953,
        0.1783,
        0.1718,
        0.1811,
        0.2275
    ],
    "eval_loss": [
        0.21895697712898254,
        0.21441307663917542,
        0.21643711626529694
    ],
    "metrics": [],
    "steps": [
        10,
        20,
        30,
        40,
        50,
        60,
        70,
        80,
        90,
        100,
        110,
        120,
        130,
        140,
        150,
        160,
        170,
        180,
        190,
        200,
        210,
        220,
        230,
        240,
        250,
        260,
        270,
        280,
        290,
        300,
        310,
        320,
        330,
        340,
        350,
        360,
        370,
        380,
        390,
        400,
        410,
        420,
        430,
        440,
        450,
        460,
        470
    ],
    "eval_steps": [
        159,
        318,
        477
    ]
}