{"train/grad_norm":0.9464511275291443,"eval/samples_per_second":29.072,"_timestamp":1.7598626416773207e+09,"total_flos":8.78268998877184e+14,"train/global_step":2372,"train/loss":0.6058,"train_steps_per_second":0.08,"eval/runtime":34.3979,"train/epoch":2,"eval/loss":0.6985874176025391,"_wandb":{"runtime":29704},"eval/steps_per_second":0.93,"train/learning_rate":8.566148085309422e-11,"train_samples_per_second":5.133,"train_runtime":29571.2905,"_runtime":29704,"train_loss":0.7793021852913835,"_step":242}