{
    "sep": 0.5922489082969432,
    "utility": 0.8945414847161572,
    "sep_raw": 0.6890829694323144
}