{
    "sep": 0.7617903930131005,
    "utility": 0.8982532751091703,
    "sep_raw": 0.8596069868995633
}