{
    "sep": 0.3902838427947598,
    "utility": 0.8865720524017467,
    "sep_raw": 0.48831877729257644
}