{
    "sep": 0.8125545851528384,
    "utility": 0.8793668122270742,
    "sep_raw": 0.9308951965065502
}