{
    "sep": 0.6662663755458516,
    "utility": 0.9025109170305677,
    "sep_raw": 0.7572052401746725
}