{
    "sep": 0.8044759825327511,
    "utility": 0.8962882096069869,
    "sep_raw": 0.9044759825327511
}