{
    "sep": 0.5306768558951965,
    "utility": 0.898471615720524,
    "sep_raw": 0.6222707423580786
}