{"train_samples_per_second":4.926,"train/epoch":1,"eval/samples_per_second":24.83,"train/loss":0.1664,"train_steps_per_second":0.039,"_step":36,"train/global_step":313,"train_runtime":8119.5138,"train/learning_rate":8.771699011416169e-09,"eval/steps_per_second":0.428,"eval/runtime":23.3586,"train/grad_norm":0.6919662356376648,"_timestamp":1.7592043339254026e+09,"_runtime":8439,"_wandb":{"runtime":8439},"eval/loss":0.18857575953006744,"train_loss":0.8762590006327096,"total_flos":1.94572604014592e+14}