{"train/epoch":1,"eval/runtime":33.7033,"train/global_step":2246,"train/loss":0.1181,"_timestamp":1.7589912082563403e+09,"_step":229,"eval/samples_per_second":17.209,"train_steps_per_second":0.057,"_wandb":{"runtime":39698},"train/grad_norm":0.6178554892539978,"train/learning_rate":5.201930570242209e-10,"eval/loss":0.13063567876815796,"train_samples_per_second":3.641,"eval/steps_per_second":1.098,"train_loss":0.3457191342078249,"total_flos":7.03331457236992e+14,"_runtime":39698,"train_runtime":39462.9243}