{"eval/loss":0.11136651039123535,"total_flos":7.03341533986816e+14,"train/global_step":1123,"train_loss":0.12034996924714542,"eval/samples_per_second":26.173,"train_runtime":24845.6981,"eval/runtime":22.1599,"_runtime":25199,"eval/steps_per_second":0.451,"_wandb":{"runtime":25199},"train/learning_rate":6.794340263127641e-10,"train/loss":0.0993,"_timestamp":1.7592720555484855e+09,"train_samples_per_second":5.783,"train_steps_per_second":0.045,"train/epoch":1,"_step":117,"train/grad_norm":0.3420722484588623}