{"train/learning_rate":2.4671981713419997e-10,"train/grad_norm":0.8271378874778748,"train_steps_per_second":0.036,"_step":67,"total_flos":1.96051310477312e+14,"_runtime":17646,"_wandb":{"runtime":17646},"train_loss":0.9811805625915527,"eval/steps_per_second":0.664,"train/epoch":1,"eval/runtime":55.7019,"_timestamp":1.7588736387209508e+09,"train_samples_per_second":2.298,"train_runtime":17404.9512,"train/loss":0.7195,"eval/samples_per_second":10.413,"train/global_step":625,"eval/loss":0.6457261443138123}