{"train/rewards/chosen":1.1484375,"eval/samples_per_second":8.516,"train_steps_per_second":0.027,"eval/rewards/rejected":1.7109375,"eval/rewards/margins":-0.96484375,"train/logits/chosen":1.28125,"_wandb":{"runtime":11818},"train/logps/rejected":-93,"train/global_step":313,"eval/logits/chosen":1.1171875,"_timestamp":1.7584424732363842e+09,"train/rewards/rejected":-4.6875,"train/epoch":1,"eval/logits/rejected":1.796875,"eval/logps/rejected":-125,"train/logps/chosen":-58.25,"train/loss":0.3757,"train/logits/rejected":1.7265625,"train/rewards/margins":5.8125,"eval/rewards/accuracies":0.4000000059604645,"train/learning_rate":2.4994515427695375e-10,"_step":32,"eval/logps/chosen":-58.75,"train_loss":0.6543448626423796,"eval/steps_per_second":0.146,"_runtime":11535.142655667,"train_samples_per_second":3.467,"train/grad_norm":15.70569133758545,"eval/loss":3.527815341949463,"train_runtime":11535.8828,"total_flos":0,"eval/runtime":68.4602,"eval/rewards/chosen":0.75390625,"train/rewards/accuracies":0.981249988079071}