{"_runtime":290,"train/learning_rate":4.000000000000001e-06,"_step":1,"train/global_step":20,"train/grad_norm":5.192530155181885,"_wandb":{"runtime":290},"_timestamp":1.7597388023981938e+09,"train/epoch":0.016863406408094434,"train/loss":4.0637}