{
    "slack": {
        "injection_utility": 1.0,
        "task_utility": 0.7619047619047619,
        "asr": 0.45714285714285713,
        "attack_utility": 0.4
    },
    "banking": {
        "injection_utility": 0.8888888888888888,
        "task_utility": 0.4375,
        "asr": 0.2638888888888889,
        "attack_utility": 0.2708333333333333
    },
    "travel": {
        "injection_utility": 1.0,
        "task_utility": 0.15,
        "asr": 0.2785714285714286,
        "attack_utility": 0.14285714285714285
    },
    "workspace": {
        "injection_utility": 0.35714285714285715,
        "task_utility": 0.3,
        "asr": 0.014285714285714285,
        "attack_utility": 0.3375
    }
}