{
    "slack": {
        "injection_utility": 1.0,
        "task_utility": 0.8095238095238095,
        "asr": 0.8,
        "attack_utility": 0.5714285714285714
    },
    "banking": {
        "injection_utility": 0.7777777777777778,
        "task_utility": 0.4375,
        "asr": 0.4722222222222222,
        "attack_utility": 0.3958333333333333
    },
    "travel": {
        "injection_utility": 0.8571428571428571,
        "task_utility": 0.6,
        "asr": 0.4714285714285714,
        "attack_utility": 0.22857142857142856
    },
    "workspace": {
        "injection_utility": 0.35714285714285715,
        "task_utility": 0.65,
        "asr": 0.06785714285714285,
        "attack_utility": 0.6035714285714285
    }
}