{
    "slack": {
        "injection_utility": 0.8,
        "task_utility": 0.7142857142857143,
        "asr": 0.3047619047619048,
        "attack_utility": 0.3333333333333333
    },
    "banking": {
        "injection_utility": 0.7777777777777778,
        "task_utility": 0.5,
        "asr": 0.1527777777777778,
        "attack_utility": 0.4305555555555556
    },
    "travel": {
        "injection_utility": 0.7142857142857143,
        "task_utility": 0.25,
        "asr": 0.2642857142857143,
        "attack_utility": 0.1
    },
    "workspace": {
        "injection_utility": 0.35714285714285715,
        "task_utility": 0.225,
        "asr": 0.017857142857142856,
        "attack_utility": 0.22678571428571428
    }
}