{"eval/samples_per_second":28.552,"train_steps_per_second":0.076,"train/learning_rate":7.559235341302873e-10,"_runtime":6554,"eval/loss":0.22255031764507294,"_step":50,"train_runtime":6277.0197,"train_samples_per_second":4.847,"_timestamp":1.7587150514899092e+09,"train/global_step":477,"train_loss":0.28277276846847693,"eval/runtime":16.4264,"total_flos":6.0175241650176e+13,"train/epoch":3,"eval/steps_per_second":0.913,"_wandb":{"runtime":6554},"train/grad_norm":1.3371319770812988,"train/loss":0.2773}